flightId,terminalId,bagCarouselId,line_id,aircraftSubtype,seats,estimatedDatetime,LandingDatetime,bagLastTime,wait_min,event_tag
DL547,P01,3,T1-03,738,189,202610010116,202610010103,202610010207,64,terminal_open
KE784,P01,3,T1-03,32N,180,202610010227,202610010217,202610010310,53,terminal_open
TW875,P01,3,T1-03,359,310,202610010323,202610010310,202610010419,69,terminal_open
ZE728,P01,3,T1-03,7M8,189,202610010431,202610010432,202610010525,53,terminal_open
KE929,P01,3,T1-03,789,280,202610010529,202610010523,202610010625,62,terminal_open
OZ575,P01,3,T1-03,32N,180,202610010640,202610010642,202610010738,56,terminal_open
OZ318,P01,3,T1-03,320,180,202610010743,202610010736,202610010834,58,terminal_open
7C386,P01,3,T1-03,32Q,200,202610010847,202610010837,202610010940,63,terminal_open
KE246,P01,3,T1-03,773,340,202610010949,202610010941,202610011048,67,terminal_open
TW518,P01,3,T1-03,223,140,202610011048,202610011057,202610011151,54,terminal_open
7C854,P01,3,T1-03,763,250,202610011200,202610011207,202610011257,50,terminal_open
UA602,P01,3,T1-03,781,330,202610011259,202610011247,202610011402,75,terminal_open
KE922,P01,3,T1-03,351,350,202610011418,202610011413,202610011518,65,terminal_open
OZ649,P01,3,T1-03,351,350,202610011515,202610011524,202610011621,57,terminal_open
UA321,P01,3,T1-03,788,240,202610011614,202610011605,202610011724,79,terminal_open
UA643,P01,3,T1-03,321,200,202610011722,202610011727,202610011823,56,terminal_open
DL933,P01,3,T1-03,738,189,202610011845,202610011855,202610012003,68,terminal_open
TW259,P01,3,T1-03,332,250,202610011957,202610012008,202610012101,53,terminal_open
DL363,P01,3,T1-03,7M8,189,202610012129,202610012140,202610012239,59,terminal_open
ZE859,P01,3,T1-03,359,310,202610012246,202610012240,202610012341,61,terminal_open
CX701,P01,3,T1-03,32Q,200,202610012356,202610012350,202610020049,59,terminal_open
KE791,P01,3,T1-03,320,180,202610020124,202610020113,202610020209,56,terminal_open
KE242,P01,3,T1-03,738,189,202610020231,202610020242,202610020337,55,terminal_open
ZE510,P01,3,T1-03,359,310,202610020326,202610020334,202610020432,58,terminal_open
LJ131,P01,3,T1-03,32Q,200,202610020445,202610020456,202610020601,65,terminal_open
UA388,P01,3,T1-03,788,240,202610020540,202610020554,202610020659,65,terminal_open
TW639,P01,3,T1-03,738,189,202610020644,202610020649,202610020752,63,terminal_open
OZ392,P01,3,T1-03,32N,180,202610020741,202610020732,202610020837,65,terminal_open
OZ967,P01,3,T1-03,32N,180,202610020837,202610020826,202610020941,75,terminal_open
CX332,P01,3,T1-03,739,190,202610020940,202610020954,202610021058,64,terminal_open
KE343,P01,3,T1-03,788,240,202610021033,202610021043,202610021203,80,terminal_open
TW879,P01,3,T1-03,73H,189,202610021152,202610021151,202610021305,74,terminal_open
DL602,P01,3,T1-03,333,280,202610021318,202610021318,202610021424,66,terminal_open
TW594,P01,3,T1-03,788,240,202610021430,202610021442,202610021539,57,terminal_open
7C844,P01,3,T1-03,788,240,202610021600,202610021556,202610021703,67,terminal_open
DL349,P01,3,T1-03,738,189,202610021734,202610021726,202610021825,59,terminal_open
7C497,P01,3,T1-03,32N,180,202610021851,202610021855,202610021951,56,terminal_open
LJ889,P01,3,T1-03,7M8,189,202610021947,202610021957,202610022046,49,terminal_open
UA319,P01,3,T1-03,738,189,202610022111,202610022124,202610022229,65,terminal_open
LJ316,P01,3,T1-03,748,370,202610022243,202610022254,202610022354,60,terminal_open
OZ848,P01,3,T1-03,320,180,202610022351,202610030001,202610030101,60,terminal_open
UA661,P01,3,T1-03,319,140,202610030057,202610030058,202610030201,63,terminal_open
KE231,P01,3,T1-03,332,250,202610030206,202610030152,202610030253,61,terminal_open
ZE195,P01,3,T1-03,321,200,202610030311,202610030324,202610030425,61,terminal_open
KE223,P01,3,T1-03,789,280,202610030406,202610030358,202610030517,79,terminal_open
TW667,P01,3,T1-03,7M8,189,202610030505,202610030519,202610030609,50,terminal_open
ZE983,P01,3,T1-03,738,189,202610030603,202610030552,202610030656,64,terminal_open
DL626,P01,3,T1-03,738,189,202610030725,202610030718,202610030826,68,terminal_open
ZE231,P01,3,T1-03,223,140,202610030852,202610030849,202610030934,45,terminal_open
OZ672,P01,3,T1-03,320,180,202610031020,202610031007,202610031059,52,terminal_open
CX176,P01,3,T1-03,332,250,202610031154,202610031152,202610031251,59,terminal_open
DL661,P01,3,T1-03,32N,180,202610031246,202610031254,202610031354,60,terminal_open
DL958,P01,3,T1-03,788,240,202610031415,202610031418,202610031523,65,terminal_open
KE451,P01,3,T1-03,773,340,202610031506,202610031507,202610031628,81,terminal_open
7C558,P01,3,T1-03,7M8,189,202610031624,202610031631,202610031723,52,terminal_open
OZ884,P01,3,T1-03,738,189,202610031726,202610031733,202610031827,54,terminal_open
LJ173,P01,3,T1-03,748,370,202610031843,202610031828,202610031931,63,terminal_open
ZE510,P01,3,T1-03,339,300,202610032013,202610032020,202610032122,62,terminal_open
UA393,P01,3,T1-03,772,300,202610032111,202610032102,202610032219,77,terminal_open
7C292,P01,3,T1-03,333,280,202610032229,202610032215,202610032318,63,terminal_open
CX676,P01,3,T1-03,738,189,202610032353,202610040003,202610040105,62,terminal_open
CX932,P01,3,T1-03,738,189,202610040046,202610040050,202610040201,71,terminal_open
DL322,P01,3,T1-03,32N,180,202610040202,202610040204,202610040257,53,terminal_open
CX975,P01,3,T1-03,763,250,202610040304,202610040303,202610040355,52,terminal_open
TW715,P01,3,T1-03,332,250,202610040406,202610040420,202610040526,66,terminal_open
LJ902,P01,3,T1-03,7M8,189,202610040533,202610040537,202610040627,50,terminal_open
7C877,P01,3,T1-03,738,189,202610040647,202610040655,202610040753,58,terminal_open
LJ885,P01,3,T1-03,763,250,202610040821,202610040831,202610040924,53,terminal_open
DL195,P01,3,T1-03,738,189,202610040918,202610040928,202610041023,55,terminal_open
TW614,P01,3,T1-03,333,280,202610041014,202610041003,202610041119,76,terminal_open
TW472,P01,3,T1-03,339,300,202610041137,202610041149,202610041257,68,terminal_open
LJ274,P01,3,T1-03,781,330,202610041238,202610041223,202610041339,76,terminal_open
TW591,P01,3,T1-03,738,189,202610041404,202610041412,202610041515,63,terminal_open
CX542,P01,3,T1-03,32Q,200,202610041507,202610041459,202610041615,76,terminal_open
DL555,P01,3,T1-03,763,250,202610041630,202610041639,202610041726,47,terminal_open
KE477,P01,3,T1-03,32Q,200,202610041756,202610041749,202610041854,65,terminal_open
UA286,P01,3,T1-03,319,140,202610041902,202610041848,202610041945,57,terminal_open
CX270,P01,3,T1-03,739,190,202610042032,202610042020,202610042113,53,terminal_open
7C105,P01,3,T1-03,738,189,202610042124,202610042117,202610042215,58,terminal_open
7C534,P01,3,T1-03,333,280,202610042229,202610042238,202610042342,64,terminal_open
CX785,P01,3,T1-03,320,180,202610042327,202610042331,202610050036,65,terminal_open
UA894,P01,3,T1-03,738,189,202610050025,202610050037,202610050146,69,terminal_open
7C442,P01,3,T1-03,320,180,202610050145,202610050150,202610050253,63,terminal_open
KE168,P01,3,T1-03,320,180,202610050251,202610050236,202610050357,81,terminal_open
CX511,P01,3,T1-03,32N,180,202610050406,202610050414,202610050514,60,terminal_open
UA278,P01,3,T1-03,739,190,202610050502,202610050447,202610050557,70,terminal_open
UA376,P01,3,T1-03,789,280,202610050632,202610050623,202610050723,60,terminal_open
ZE307,P01,3,T1-03,333,280,202610050726,202610050738,202610050829,51,terminal_open
7C897,P01,3,T1-03,772,300,202610050838,202610050849,202610050943,54,terminal_open
OZ838,P01,3,T1-03,388,490,202610050934,202610050934,202610051058,84,terminal_open
7C967,P01,3,T1-03,773,340,202610051055,202610051107,202610051206,59,terminal_open
OZ584,P01,3,T1-03,359,310,202610051147,202610051153,202610051307,74,terminal_open
UA407,P01,3,T1-03,339,300,202610051300,202610051258,202610051418,80,terminal_open
OZ942,P01,3,T1-03,789,280,202610051417,202610051402,202610051512,70,terminal_open
DL269,P01,3,T1-03,763,250,202610051509,202610051509,202610051613,64,terminal_open
ZE857,P01,3,T1-03,333,280,202610051616,202610051605,202610051721,76,terminal_open
DL752,P01,3,T1-03,738,189,202610051722,202610051707,202610051815,68,terminal_open
DL857,P01,3,T1-03,320,180,202610051845,202610051844,202610051944,60,terminal_open
OZ206,P01,3,T1-03,32N,180,202610051935,202610051929,202610052035,66,terminal_open
TW323,P01,3,T1-03,738,189,202610052049,202610052051,202610052156,65,terminal_open
TW193,P01,3,T1-03,739,190,202610052223,202610052223,202610052317,54,terminal_open
DL603,P01,3,T1-03,359,310,202610052354,202610060002,202610060108,66,terminal_open
CX674,P01,3,T1-03,320,180,202610060115,202610060112,202610060209,57,terminal_open
DL565,P01,3,T1-03,738,189,202610060243,202610060255,202610060356,61,terminal_open
TW519,P01,3,T1-03,32N,180,202610060404,202610060412,202610060504,52,terminal_open
UA483,P01,3,T1-03,320,180,202610060525,202610060515,202610060607,52,terminal_open
LJ954,P01,3,T1-03,320,180,202610060656,202610060703,202610060807,64,terminal_open
ZE150,P01,3,T1-03,738,189,202610060824,202610060809,202610060857,48,terminal_open
KE115,P01,3,T1-03,320,180,202610060926,202610060940,202610061037,57,terminal_open
LJ265,P01,3,T1-03,E95,120,202610061037,202610061049,202610061144,55,terminal_open
DL896,P01,3,T1-03,739,190,202610061203,202610061202,202610061254,52,terminal_open
7C493,P01,3,T1-03,73H,189,202610061308,202610061318,202610061425,67,terminal_open
OZ928,P01,3,T1-03,321,200,202610061402,202610061408,202610061526,78,terminal_open
UA113,P01,3,T1-03,351,350,202610061514,202610061503,202610061626,83,terminal_open
7C729,P01,3,T1-03,788,240,202610061646,202610061656,202610061755,59,terminal_open
CX729,P01,3,T1-03,7M8,189,202610061746,202610061742,202610061852,70,terminal_open
7C329,P01,3,T1-03,7M8,189,202610061904,202610061911,202610062009,58,terminal_open
DL660,P01,3,T1-03,319,140,202610061959,202610061958,202610062101,63,terminal_open
UA514,P01,3,T1-03,333,280,202610062128,202610062119,202610062224,65,terminal_open
OZ338,P01,3,T1-03,739,190,202610062301,202610062307,202610062358,51,terminal_open
KE920,P01,3,T1-03,7M8,189,202610070035,202610070020,202610070122,62,terminal_open
7C578,P01,3,T1-03,321,200,202610070208,202610070154,202610070245,51,terminal_open
TW808,P01,3,T1-03,32Q,200,202610070307,202610070301,202610070402,61,terminal_open
TW647,P01,3,T1-03,223,140,202610070406,202610070404,202610070456,52,terminal_open
ZE853,P01,3,T1-03,73H,189,202610070539,202610070524,202610070617,53,terminal_open
LJ910,P01,3,T1-03,73H,189,202610070652,202610070639,202610070737,58,terminal_open
OZ749,P01,3,T1-03,739,190,202610070742,202610070753,202610070852,59,terminal_open
TW554,P01,3,T1-03,333,280,202610070845,202610070843,202610070951,68,terminal_open
UA327,P01,3,T1-03,32N,180,202610071002,202610070949,202610071050,61,terminal_open
ZE482,P01,3,T1-03,339,300,202610071107,202610071104,202610071207,63,terminal_open
DL539,P01,3,T1-03,32N,180,202610071200,202610071148,202610071303,75,terminal_open
KE186,P01,3,T1-03,739,190,202610071305,202610071253,202610071357,64,terminal_open
CX135,P01,3,T1-03,319,140,202610071421,202610071427,202610071519,52,terminal_open
TW123,P01,3,T1-03,781,330,202610071533,202610071529,202610071630,61,terminal_open
TW552,P01,3,T1-03,320,180,202610071624,202610071614,202610071731,77,terminal_open
ZE495,P01,3,T1-03,738,189,202610071750,202610071736,202610071826,50,terminal_open
7C975,P01,3,T1-03,32N,180,202610071908,202610071922,202610072023,61,terminal_open
OZ822,P01,3,T1-03,E95,120,202610072010,202610072017,202610072119,62,terminal_open
CX347,P01,3,T1-03,748,370,202610072124,202610072135,202610072234,59,terminal_open
CX596,P01,3,T1-03,32N,180,202610072257,202610072245,202610072338,53,terminal_open
KE975,P01,3,T1-03,738,189,202610080001,202610072355,202610080057,62,terminal_open
KE885,P01,3,T1-03,359,310,202610080112,202610080124,202610080236,72,terminal_open
CX813,P01,3,T1-03,788,240,202610080233,202610080233,202610080324,51,terminal_open
KE486,P01,3,T1-03,738,189,202610080349,202610080400,202610080451,51,terminal_open
TW722,P01,3,T1-03,321,200,202610080515,202610080516,202610080605,49,terminal_open
TW133,P01,3,T1-03,738,189,202610080615,202610080620,202610080713,53,terminal_open
DL561,P01,3,T1-03,748,370,202610080747,202610080741,202610080837,56,terminal_open
CX961,P01,3,T1-03,7M8,189,202610080915,202610080925,202610081021,56,terminal_open
DL120,P01,3,T1-03,321,200,202610081007,202610081005,202610081113,68,terminal_open
KE618,P01,3,T1-03,772,300,202610081139,202610081146,202610081243,57,terminal_open
CX325,P01,3,T1-03,321,200,202610081307,202610081303,202610081403,60,terminal_open
KE486,P01,3,T1-03,320,180,202610081406,202610081414,202610081502,48,terminal_open
ZE574,P01,3,T1-03,781,330,202610081501,202610081511,202610081613,62,terminal_open
KE542,P01,3,T1-03,7M8,189,202610081622,202610081628,202610081730,62,terminal_open
CX912,P01,3,T1-03,7M8,189,202610081736,202610081750,202610081849,59,terminal_open
LJ292,P01,3,T1-03,32Q,200,202610081909,202610081906,202610082013,67,terminal_open
KE975,P01,3,T1-03,7M8,189,202610082038,202610082052,202610082150,58,terminal_open
OZ194,P01,3,T1-03,738,189,202610082211,202610082206,202610082300,54,terminal_open
CX946,P01,3,T1-03,763,250,202610082329,202610082315,202610090007,52,terminal_open
DL745,P01,3,T1-03,32N,180,202610090027,202610090037,202610090131,54,terminal_open
UA563,P01,3,T1-03,738,189,202610090132,202610090120,202610090232,72,terminal_open
OZ534,P01,3,T1-03,319,140,202610090225,202610090238,202610090337,59,terminal_open
OZ516,P01,3,T1-03,32N,180,202610090327,202610090322,202610090429,67,terminal_open
ZE291,P01,3,T1-03,223,140,202610090446,202610090441,202610090529,48,terminal_open
7C669,P01,3,T1-03,321,200,202610090546,202610090536,202610090641,65,terminal_open
7C475,P01,3,T1-03,388,490,202610090657,202610090659,202610090811,72,terminal_open
OZ878,P01,3,T1-03,738,189,202610090754,202610090802,202610090907,65,terminal_open
KE989,P01,3,T1-03,319,140,202610090918,202610090904,202610090953,49,terminal_open
OZ351,P01,3,T1-03,789,280,202610091036,202610091024,202610091132,68,terminal_open
DL344,P01,3,T1-03,7M8,189,202610091131,202610091144,202610091245,61,terminal_open
TW660,P01,3,T1-03,7M8,189,202610091250,202610091248,202610091333,45,terminal_open
ZE228,P01,3,T1-03,320,180,202610091417,202610091403,202610091507,64,terminal_open
TW126,P01,3,T1-03,321,200,202610091531,202610091521,202610091613,52,terminal_open
UA280,P01,3,T1-03,738,189,202610091655,202610091700,202610091752,52,terminal_open
CX386,P01,3,T1-03,772,300,202610091805,202610091802,202610091902,60,terminal_open
DL237,P01,3,T1-03,739,190,202610091932,202610091919,202610092014,55,terminal_open
UA632,P01,3,T1-03,332,250,202610092032,202610092029,202610092116,47,terminal_open
KE955,P01,3,T1-03,739,190,202610092203,202610092209,202610092304,55,terminal_open
CX948,P01,3,T1-03,73H,189,202610092337,202610092326,202610100015,49,terminal_open
ZE822,P01,3,T1-03,7M8,189,202610100043,202610100046,202610100148,62,terminal_open
OZ578,P01,3,T1-03,738,189,202610100204,202610100213,202610100321,68,terminal_open
LJ215,P01,3,T1-03,77W,340,202610100301,202610100303,202610100428,85,terminal_open
UA981,P01,3,T1-03,E95,120,202610100403,202610100411,202610100519,68,terminal_open
7C886,P01,3,T1-03,359,310,202610100502,202610100502,202610100613,71,terminal_open
OZ785,P01,3,T1-03,320,180,202610100616,202610100613,202610100707,54,terminal_open
KE826,P01,3,T1-03,320,180,202610100746,202610100748,202610100849,61,terminal_open
7C368,P01,3,T1-03,738,189,202610100840,202610100844,202610100950,66,terminal_open
OZ479,P01,3,T1-03,321,200,202610100940,202610100944,202610101040,56,terminal_open
TW654,P01,3,T1-03,77W,340,202610101053,202610101102,202610101203,61,terminal_open
CX900,P01,3,T1-03,223,140,202610101156,202610101144,202610101300,76,terminal_open
TW802,P01,3,T1-03,321,200,202610101249,202610101259,202610101352,53,terminal_open
OZ842,P01,3,T1-03,321,200,202610101349,202610101340,202610101437,57,terminal_open
7C275,P01,3,T1-03,738,189,202610101446,202610101448,202610101540,52,terminal_open
OZ877,P01,3,T1-03,32N,180,202610101552,202610101600,202610101655,55,terminal_open
UA653,P01,3,T1-03,773,340,202610101651,202610101701,202610101808,67,terminal_open
TW226,P01,3,T1-03,788,240,202610101815,202610101823,202610101917,54,terminal_open
CX316,P01,3,T1-03,7M8,189,202610101936,202610101947,202610102033,46,terminal_open
DL502,P01,3,T1-03,789,280,202610102105,202610102059,202610102206,67,terminal_open
ZE421,P01,3,T1-03,73H,189,202610102227,202610102223,202610102317,54,terminal_open
LJ150,P01,3,T1-03,7M8,189,202610102338,202610102339,202610110040,61,terminal_open
KE957,P01,3,T1-03,339,300,202610110056,202610110041,202610110145,64,terminal_open
CX549,P01,3,T1-03,359,310,202610110203,202610110211,202610110323,72,terminal_open
TW788,P01,3,T1-03,7M8,189,202610110312,202610110323,202610110418,55,terminal_open
DL192,P01,3,T1-03,738,189,202610110430,202610110436,202610110525,49,terminal_open
ZE805,P01,3,T1-03,321,200,202610110550,202610110603,202610110654,51,terminal_open
ZE647,P01,3,T1-03,388,490,202610110644,202610110646,202610110808,82,terminal_open
7C975,P01,3,T1-03,763,250,202610110800,202610110754,202610110904,70,terminal_open
TW419,P01,3,T1-03,738,189,202610110916,202610110914,202610111016,62,terminal_open
DL126,P01,3,T1-03,738,189,202610111019,202610111017,202610111118,61,terminal_open
UA404,P01,3,T1-03,738,189,202610111153,202610111152,202610111245,53,terminal_open
OZ903,P01,3,T1-03,32Q,200,202610111256,202610111245,202610111347,62,terminal_open
7C581,P01,3,T1-03,738,189,202610111415,202610111406,202610111503,57,terminal_open
KE294,P01,3,T1-03,789,280,202610111514,202610111506,202610111603,57,terminal_open
OZ840,P01,3,T1-03,788,240,202610111607,202610111620,202610111716,56,terminal_open
LJ258,P01,3,T1-03,748,370,202610111714,202610111721,202610111831,70,terminal_open
DL284,P01,3,T1-03,738,189,202610111809,202610111800,202610111914,74,terminal_open
OZ655,P01,3,T1-03,339,300,202610111904,202610111859,202610112026,87,terminal_open
KE513,P01,3,T1-03,223,140,202610112032,202610112027,202610112112,45,terminal_open
UA119,P01,3,T1-03,788,240,202610112205,202610112214,202610112317,63,terminal_open
DL320,P01,3,T1-03,321,200,202610112316,202610112314,202610120013,59,terminal_open
OZ111,P01,3,T1-03,32Q,200,202610120019,202610120019,202610120049,30,
KE271,P01,3,T1-03,789,280,202610120135,202610120138,202610120212,34,
LJ851,P01,3,T1-03,388,490,202610120246,202610120252,202610120337,45,
LJ310,P01,3,T1-03,7M8,189,202610120415,202610120419,202610120452,33,
TW639,P01,3,T1-03,332,250,202610120530,202610120526,202610120601,35,
KE404,P01,3,T1-03,32Q,200,202610120645,202610120653,202610120723,30,
UA336,P01,3,T1-03,738,189,202610120819,202610120828,202610120901,33,
OZ921,P01,3,T1-03,32Q,200,202610120935,202610120924,202610120955,31,
ZE139,P01,3,T1-03,73H,189,202610121102,202610121104,202610121134,30,
LJ925,P01,3,T1-03,320,180,202610121154,202610121150,202610121217,27,
7C990,P01,3,T1-03,333,280,202610121259,202610121310,202610121336,26,
ZE639,P01,3,T1-03,77W,340,202610121358,202610121345,202610121420,35,
OZ637,P01,3,T1-03,332,250,202610121512,202610121509,202610121538,29,
LJ300,P01,3,T1-03,339,300,202610121631,202610121642,202610121722,40,
KE605,P01,3,T1-03,321,200,202610121734,202610121732,202610121802,30,
CX247,P01,3,T1-03,320,180,202610121833,202610121844,202610121911,27,
TW386,P01,3,T1-03,738,189,202610121936,202610121937,202610122007,30,
UA222,P01,3,T1-03,32N,180,202610122055,202610122056,202610122129,33,
LJ110,P01,3,T1-03,388,490,202610122216,202610122213,202610122254,41,
TW242,P01,3,T1-03,738,189,202610122312,202610122318,202610122355,37,
OZ132,P01,3,T1-03,77W,340,202610130003,202610130015,202610130048,33,
LJ492,P01,3,T1-03,738,189,202610130118,202610130104,202610130134,30,
KE417,P01,3,T1-03,320,180,202610130213,202610130206,202610130231,25,
TW787,P01,3,T1-03,321,200,202610130337,202610130340,202610130407,27,
OZ880,P01,3,T1-03,32N,180,202610130427,202610130413,202610130443,30,
KE551,P01,3,T1-03,73H,189,202610130555,202610130605,202610130637,32,
KE104,P01,3,T1-03,321,200,202610130720,202610130726,202610130758,32,
DL891,P01,3,T1-03,772,300,202610130824,202610130824,202610130854,30,
ZE865,P01,3,T1-03,738,189,202610130951,202610130951,202610131026,35,
TW605,P01,3,T1-03,739,190,202610131113,202610131106,202610131136,30,
TW983,P01,3,T1-03,73H,189,202610131214,202610131203,202610131233,30,
OZ381,P01,3,T1-03,738,189,202610131344,202610131331,202610131402,31,
ZE208,P01,3,T1-03,789,280,202610131435,202610131420,202610131451,31,
DL456,P01,3,T1-03,789,280,202610131536,202610131541,202610131619,38,
LJ164,P01,3,T1-03,773,340,202610131659,202610131710,202610131743,33,
CX261,P01,3,T1-03,738,189,202610131827,202610131828,202610131853,25,
DL404,P01,3,T1-03,789,280,202610131950,202610132002,202610132035,33,
DL612,P01,3,T1-03,359,310,202610132050,202610132053,202610132120,27,
7C684,P01,3,T1-03,333,280,202610132146,202610132157,202610132227,30,
UA777,P01,3,T1-03,32N,180,202610132240,202610132244,202610132319,35,
7C459,P01,3,T1-03,738,189,202610140012,202610140021,202610140048,27,
DL568,P01,3,T1-03,321,200,202610140126,202610140133,202610140206,33,
7C719,P01,3,T1-03,738,189,202610140240,202610140237,202610140307,30,
TW821,P01,3,T1-03,789,280,202610140356,202610140357,202610140429,32,
7C523,P01,3,T1-03,32N,180,202610140528,202610140523,202610140556,33,
DL455,P01,3,T1-03,738,189,202610140644,202610140637,202610140710,33,
OZ433,P01,3,T1-03,32N,180,202610140757,202610140745,202610140818,33,
UA659,P01,3,T1-03,738,189,202610140902,202610140901,202610140931,30,
CX598,P01,3,T1-03,321,200,202610140957,202610140947,202610141019,32,
UA334,P01,3,T1-03,32N,180,202610141053,202610141059,202610141125,26,
LJ944,P01,3,T1-03,73H,189,202610141146,202610141145,202610141211,26,
UA520,P01,3,T1-03,321,200,202610141238,202610141224,202610141252,28,
KE251,P01,3,T1-03,789,280,202610141336,202610141347,202610141422,35,
OZ401,P01,3,T1-03,73H,189,202610141442,202610141436,202610141508,32,
KE632,P01,3,T1-03,738,189,202610141542,202610141540,202610141612,32,
LJ331,P01,3,T1-03,332,250,202610141649,202610141640,202610141710,30,
7C565,P01,3,T1-03,739,190,202610141739,202610141738,202610141805,27,
ZE382,P01,3,T1-03,32Q,200,202610141908,202610141917,202610141952,35,
7C545,P01,3,T1-03,32Q,200,202610142035,202610142041,202610142108,27,
LJ877,P01,3,T1-03,32N,180,202610142128,202610142113,202610142148,35,
OZ433,P01,3,T1-03,32N,180,202610142226,202610142235,202610142302,27,
DL541,P01,3,T1-03,223,140,202610142343,202610142347,202610150016,29,
7C186,P01,3,T1-03,32N,180,202610150039,202610150043,202610150111,28,
7C720,P01,3,T1-03,763,250,202610150200,202610150200,202610150234,34,
LJ564,P01,3,T1-03,772,300,202610150251,202610150302,202610150338,36,
OZ750,P01,3,T1-03,32Q,200,202610150406,202610150408,202610150435,27,
KE301,P01,3,T1-03,773,340,202610150514,202610150502,202610150535,33,
DL464,P01,3,T1-03,320,180,202610150630,202610150637,202610150706,29,
TW927,P01,3,T1-03,321,200,202610150738,202610150729,202610150802,33,
ZE641,P01,3,T1-03,319,140,202610150854,202610150851,202610150924,33,
OZ676,P01,3,T1-03,359,310,202610151014,202610151006,202610151045,39,
KE826,P01,3,T1-03,7M8,189,202610151110,202610151111,202610151143,32,
TW381,P01,3,T1-03,320,180,202610151212,202610151209,202610151247,38,
UA746,P01,3,T1-03,319,140,202610151313,202610151307,202610151334,27,
CX805,P01,3,T1-03,763,250,202610151412,202610151404,202610151439,35,
KE377,P01,3,T1-03,738,189,202610151510,202610151505,202610151534,29,
CX348,P01,3,T1-03,332,250,202610151630,202610151644,202610151715,31,
DL449,P01,3,T1-03,333,280,202610151739,202610151750,202610151821,31,
7C756,P01,3,T1-03,333,280,202610151833,202610151836,202610151913,37,
UA840,P01,3,T1-03,332,250,202610151948,202610151935,202610152007,32,
7C688,P01,3,T1-03,789,280,202610152121,202610152107,202610152141,34,
LJ935,P01,3,T1-03,7M8,189,202610152238,202610152249,202610152321,32,
KE271,P01,3,T1-03,7M8,189,202610160000,202610152355,202610160025,30,
TW438,P01,3,T1-03,32Q,200,202610160053,202610160052,202610160124,32,
UA344,P01,3,T1-03,320,180,202610160209,202610160209,202610160233,24,
OZ739,P01,3,T1-03,738,189,202610160326,202610160339,202610160413,34,
TW352,P01,3,T1-03,738,189,202610160416,202610160429,202610160459,30,
OZ550,P01,3,T1-03,77W,340,202610160547,202610160548,202610160632,44,
LJ341,P01,3,T1-03,321,200,202610160700,202610160703,202610160733,30,
LJ748,P01,3,T1-03,738,189,202610160831,202610160839,202610160908,29,
ZE521,P01,3,T1-03,781,330,202610160955,202610160952,202610161030,38,
DL949,P01,3,T1-03,332,250,202610161046,202610161041,202610161112,31,
ZE330,P01,3,T1-03,32N,180,202610161155,202610161151,202610161218,27,
DL313,P01,3,T1-03,788,240,202610161329,202610161319,202610161346,27,
CX933,P01,3,T1-03,32Q,200,202610161454,202610161501,202610161534,33,
UA355,P01,3,T1-03,32N,180,202610161618,202610161623,202610161650,27,
OZ829,P01,3,T1-03,32N,180,202610161734,202610161738,202610161805,27,
CX234,P01,3,T1-03,738,189,202610161853,202610161855,202610161925,30,
UA640,P01,3,T1-03,32N,180,202610162011,202610162002,202610162029,27,
UA737,P01,3,T1-03,333,280,202610162136,202610162128,202610162205,37,
TW349,P01,3,T1-03,738,189,202610162250,202610162302,202610162328,26,
7C606,P01,3,T1-03,32N,180,202610162350,202610162345,202610170012,27,
DL808,P01,3,T1-03,32N,180,202610170109,202610170054,202610170124,30,
CX106,P01,3,T1-03,739,190,202610170217,202610170225,202610170257,32,
TW237,P01,3,T1-03,32Q,200,202610170344,202610170336,202610170406,30,
CX466,P01,3,T1-03,339,300,202610170436,202610170447,202610170518,31,
UA969,P01,3,T1-03,320,180,202610170553,202610170540,202610170609,29,
LJ312,P01,3,T1-03,32N,180,202610170712,202610170721,202610170753,32,
OZ728,P01,3,T1-03,773,340,202610170812,202610170808,202610170846,38,
7C648,P01,3,T1-03,32N,180,202610170912,202610170906,202610170942,36,
7C565,P01,3,T1-03,781,330,202610171024,202610171022,202610171057,35,
UA195,P01,3,T1-03,763,250,202610171123,202610171119,202610171154,35,
LJ584,P01,3,T1-03,319,140,202610171253,202610171302,202610171327,25,
ZE693,P01,3,T1-03,32N,180,202610171406,202610171358,202610171423,25,
LJ955,P01,3,T1-03,32Q,200,202610171527,202610171532,202610171600,28,
ZE275,P01,3,T1-03,738,189,202610171633,202610171637,202610171708,31,
CX572,P01,3,T1-03,789,280,202610171731,202610171740,202610171816,36,
KE876,P01,3,T1-03,77W,340,202610171905,202610171859,202610171935,36,
UA820,P01,3,T1-03,738,189,202610172005,202610172001,202610172033,32,
ZE179,P01,3,T1-03,788,240,202610172117,202610172111,202610172136,25,
CX390,P01,3,T1-03,73H,189,202610172208,202610172207,202610172237,30,
UA196,P01,3,T1-03,748,370,202610172301,202610172302,202610172341,39,
ZE183,P01,3,T1-03,738,189,202610180029,202610180031,202610180057,26,
ZE471,P01,3,T1-03,738,189,202610180134,202610180121,202610180147,26,
LJ736,P01,3,T1-03,321,200,202610180247,202610180300,202610180326,26,
CX600,P01,3,T1-03,773,340,202610180357,202610180409,202610180447,38,
LJ783,P01,3,T1-03,32N,180,202610180506,202610180453,202610180520,27,
DL503,P01,3,T1-03,789,280,202610180556,202610180556,202610180629,33,
CX303,P01,3,T1-03,738,189,202610180728,202610180738,202610180812,34,
CX432,P01,3,T1-03,73H,189,202610180852,202610180851,202610180921,30,
TW377,P01,3,T1-03,E95,120,202610180950,202610180950,202610181018,28,
KE156,P01,3,T1-03,781,330,202610181107,202610181059,202610181139,40,
7C985,P01,3,T1-03,789,280,202610181222,202610181208,202610181241,33,
ZE740,P01,3,T1-03,772,300,202610181319,202610181324,202610181356,32,
KE762,P01,3,T1-03,223,140,202610181449,202610181442,202610181508,26,
OZ931,P01,3,T1-03,32N,180,202610181545,202610181541,202610181618,37,
7C669,P01,3,T1-03,32N,180,202610181709,202610181720,202610181748,28,
UA286,P01,3,T1-03,7M8,189,202610181838,202610181829,202610181857,28,
TW418,P01,3,T1-03,738,189,202610181931,202610181924,202610181953,29,
TW372,P01,3,T1-03,32N,180,202610182028,202610182034,202610182102,28,
ZE866,P01,3,T1-03,359,310,202610182128,202610182140,202610182215,35,
LJ254,P01,3,T1-03,E95,120,202610182235,202610182222,202610182250,28,
LJ658,P01,3,T1-03,320,180,202610190003,202610182353,202610190027,34,
LJ523,P01,3,T1-03,77W,340,202610190109,202610190119,202610190156,37,
CX420,P01,3,T1-03,738,189,202610190237,202610190249,202610190320,31,
LJ490,P01,3,T1-03,788,240,202610190353,202610190405,202610190446,41,
DL321,P01,3,T1-03,32N,180,202610190500,202610190500,202610190530,30,
CX357,P01,3,T1-03,7M8,189,202610190602,202610190602,202610190629,27,
LJ276,P01,3,T1-03,772,300,202610190723,202610190732,202610190805,33,
CX241,P01,3,T1-03,321,200,202610190836,202610190836,202610190902,26,
7C906,P01,3,T1-03,32N,180,202610190956,202610190950,202610191019,29,
TW485,P01,3,T1-03,32N,180,202610191054,202610191104,202610191132,28,
OZ936,P01,3,T1-03,333,280,202610191227,202610191223,202610191259,36,
DL435,P01,3,T1-03,763,250,202610191340,202610191336,202610191410,34,
CX708,P01,3,T1-03,332,250,202610191502,202610191448,202610191523,35,
LJ203,P01,3,T1-03,333,280,202610191605,202610191551,202610191627,36,
UA486,P01,3,T1-03,32N,180,202610191724,202610191720,202610191750,30,
7C917,P01,3,T1-03,359,310,202610191835,202610191834,202610191907,33,
LJ940,P01,3,T1-03,321,200,202610191956,202610192007,202610192039,32,
DL175,P01,3,T1-03,319,140,202610192046,202610192100,202610192129,29,
CX951,P01,3,T1-03,789,280,202610192141,202610192146,202610192226,40,
DL799,P01,3,T1-03,332,250,202610192301,202610192251,202610192321,30,
CX974,P01,3,T1-03,332,250,202610192356,202610192357,202610200027,30,
CX769,P01,3,T1-03,321,200,202610200059,202610200046,202610200113,27,
KE944,P01,3,T1-03,32Q,200,202610200232,202610200232,202610200306,34,
KE309,P01,3,T1-03,73H,189,202610200354,202610200403,202610200433,30,
LJ341,P01,3,T1-03,73H,189,202610200451,202610200456,202610200523,27,
KE176,P01,3,T1-03,332,250,202610200618,202610200628,202610200659,31,
DL510,P01,3,T1-03,339,300,202610200737,202610200749,202610200819,30,
ZE519,P01,3,T1-03,320,180,202610200856,202610200906,202610200936,30,
UA854,P01,3,T1-03,738,189,202610200952,202610201005,202610201032,27,
OZ423,P01,3,T1-03,332,250,202610201059,202610201044,202610201117,33,
TW628,P01,3,T1-03,320,180,202610201228,202610201241,202610201312,31,
7C135,P01,3,T1-03,320,180,202610201342,202610201340,202610201406,26,
CX242,P01,3,T1-03,789,280,202610201454,202610201457,202610201533,36,
CX125,P01,3,T1-03,738,189,202610201612,202610201605,202610201637,32,
TW937,P01,3,T1-03,73H,189,202610201725,202610201720,202610201745,25,
OZ285,P01,3,T1-03,320,180,202610201845,202610201850,202610201922,32,
CX979,P01,3,T1-03,773,340,202610202009,202610201955,202610202033,38,
TW765,P01,3,T1-03,773,340,202610202115,202610202116,202610202154,38,
LJ625,P01,3,T1-03,773,340,202610202221,202610202229,202610202302,33,
KE403,P01,3,T1-03,7M8,189,202610202337,202610202335,202610210000,25,
CX808,P01,3,T1-03,7M8,189,202610210034,202610210025,202610210058,33,
DL754,P01,3,T1-03,321,200,202610210144,202610210147,202610210215,28,
ZE650,P01,3,T1-03,333,280,202610210302,202610210314,202610210346,32,
DL972,P01,3,T1-03,738,189,202610210358,202610210343,202610210416,33,
UA360,P01,3,T1-03,32N,180,202610210448,202610210437,202610210510,33,
KE268,P01,3,T1-03,319,140,202610210548,202610210557,202610210625,28,
CX254,P01,3,T1-03,738,189,202610210721,202610210707,202610210738,31,
KE646,P01,3,T1-03,223,140,202610210815,202610210828,202610210854,26,
CX533,P01,3,T1-03,32N,180,202610210932,202610210918,202610210946,28,
KE513,P01,3,T1-03,32Q,200,202610211032,202610211019,202610211046,27,
DL901,P01,3,T1-03,32N,180,202610211142,202610211128,202610211159,31,
DL468,P01,3,T1-03,359,310,202610211250,202610211241,202610211318,37,
OZ760,P01,3,T1-03,789,280,202610211409,202610211417,202610211451,34,
KE854,P01,3,T1-03,32Q,200,202610211540,202610211528,202610211559,31,
CX310,P01,3,T1-03,332,250,202610211637,202610211630,202610211706,36,
LJ179,P01,3,T1-03,738,189,202610211736,202610211749,202610211823,34,
ZE471,P01,3,T1-03,32Q,200,202610211900,202610211850,202610211925,35,
KE613,P01,3,T1-03,32Q,200,202610212000,202610212009,202610212035,26,
ZE817,P01,3,T1-03,739,190,202610212127,202610212128,202610212154,26,
TW956,P01,3,T1-03,32Q,200,202610212222,202610212228,202610212301,33,
CX746,P01,3,T1-03,388,490,202610212322,202610212311,202610212357,46,
OZ595,P01,3,T1-03,32Q,200,202610220012,202610212358,202610220031,33,
UA600,P01,3,T1-03,321,200,202610220108,202610220100,202610220131,31,
TW371,P01,3,T1-03,73H,189,202610220233,202610220225,202610220256,31,
UA551,P01,3,T1-03,73H,189,202610220353,202610220340,202610220408,28,
ZE419,P01,3,T1-03,772,300,202610220512,202610220500,202610220537,37,
LJ501,P01,3,T1-03,763,250,202610220633,202610220647,202610220719,32,
LJ765,P01,3,T1-03,738,189,202610220750,202610220755,202610220827,32,
DL750,P01,3,T1-03,32Q,200,202610220908,202610220857,202610220926,29,
7C826,P01,3,T1-03,320,180,202610221006,202610221007,202610221037,30,
UA311,P01,3,T1-03,333,280,202610221056,202610221051,202610221125,34,
CX168,P01,3,T1-03,320,180,202610221217,202610221220,202610221250,30,
CX715,P01,3,T1-03,321,200,202610221347,202610221355,202610221429,34,
ZE969,P01,3,T1-03,788,240,202610221520,202610221506,202610221538,32,
CX952,P01,3,T1-03,738,189,202610221617,202610221624,202610221656,32,
LJ163,P01,3,T1-03,748,370,202610221726,202610221715,202610221754,39,
OZ428,P01,3,T1-03,738,189,202610221859,202610221857,202610221926,29,
KE835,P01,3,T1-03,77W,340,202610221959,202610222006,202610222040,34,
LJ243,P01,3,T1-03,332,250,202610222130,202610222140,202610222207,27,
KE806,P01,3,T1-03,738,189,202610222235,202610222244,202610222316,32,
TW857,P01,3,T1-03,332,250,202610222355,202610222349,202610230023,34,
KE703,P01,3,T1-03,388,490,202610230127,202610230120,202610230205,45,
KE453,P01,3,T1-03,321,200,202610230219,202610230212,202610230241,29,
ZE780,P01,3,T1-03,738,189,202610230327,202610230332,202610230400,28,
UA753,P01,3,T1-03,739,190,202610230452,202610230446,202610230518,32,
UA515,P01,3,T1-03,738,189,202610230615,202610230610,202610230640,30,
LJ502,P01,3,T1-03,321,200,202610230713,202610230719,202610230752,33,
DL812,P01,3,T1-03,788,240,202610230844,202610230856,202610230917,21,
